id	title	description	link	image_link	price	availability	brand	condition	product_type
B09B8X9RGM	Echo Dot: Gigantischer Sound trifft auf smarte Alexa-Power! 🔊✨	Der neue Echo Dot verwandelt dein Zuhause in ein Smart Home mit unglaublichem Klang und Alexa-Features. Für nur 64,99€ holst du dir Premium-Sound und intelligente Sprachsteuerung. Jetzt entdecken!	https://monnet542.github.io/snabba-deals/products/B09B8X9RGM.html	https://monnet542.github.io/snabba-deals/images/B09B8X9RGM.jpg	64.99 EUR	in stock		new	Amazon-Geräte & Zubehör
B0CQMWQDH4	Verwandle dein Wohnzimmer in ein Smart-Entertainment-Zentrum für nur 44,99€!	Der neue Amazon Fire TV Stick HD macht dein TV zum Smart-TV mit Alexa-Sprachsteuerung und Zugang zu tausenden Apps und Streaming-Diensten. Für nur 44,99€ holst du dir grenzenlose Unterhaltung direkt nach Hause. Jetzt entdecken!	https://monnet542.github.io/snabba-deals/products/B0CQMWQDH4.html	https://monnet542.github.io/snabba-deals/images/B0CQMWQDH4.jpg	44.99 EUR	in stock		new	Amazon-Geräte & Zubehör
B0F7ZFWVTC	🔥 Fire TV Stick 4K Plus: Dein Streaming wird nie wieder dasselbe sein!	Erlebe brillante 4K-Streams mit Wi-Fi 6 und Dolby Vision für nur 69,99 EUR! Der Amazon Fire TV Stick 4K Plus verwandelt jeden Fernseher in ein Entertainment-Zentrum. Jetzt entdecken und dein Zuhause upgraden!	https://monnet542.github.io/snabba-deals/products/B0F7ZFWVTC.html	https://monnet542.github.io/snabba-deals/images/B0F7ZFWVTC.jpg	69.99 EUR	in stock		new	Amazon-Geräte & Zubehör
B01LXPJCQN	FRITZ!Box 7490 Router für nur 31,3€ - Blitzschnelles WLAN für dein Zuhause!	Professioneller WLAN-Router mit 1.300 Mbit/s für stabiles Internet in jedem Raum. Generalüberholt und trotzdem top bewertet - perfekt für Smart Home und Streaming! Jetzt entdecken und sparen.	https://monnet542.github.io/snabba-deals/products/B01LXPJCQN.html	https://monnet542.github.io/snabba-deals/images/B01LXPJCQN.jpg	31.30 EUR	in stock		new	Amazon Renewed
B0BGFMLN1W	iPhone SE 3. Gen für nur 204€! Generalüberholt & wie neu ✨	Das perfekte iPhone für alle, die Qualität zu einem unschlagbaren Preis suchen! Generalüberholt, 128GB Speicher in elegantem Mitternachtsblau für nur 204,49€. Jetzt entdecken und sparen!	https://monnet542.github.io/snabba-deals/products/B0BGFMLN1W.html	https://monnet542.github.io/snabba-deals/images/B0BGFMLN1W.jpg	204.49 EUR	in stock		new	Amazon Renewed
B0CVJ23L79	iPhone 15 für unter 450€? Generalüberholt bedeutet smarte Ersparnis! 📱✨	Das neueste iPhone 15 mit 128GB in stylischem Schwarz für nur 442,62 EUR - generalüberholt und trotzdem top Qualität mit 4,1/5 Sternen! Spare hunderte Euro ohne Kompromisse bei der Performance. Jetzt entdecken!	https://monnet542.github.io/snabba-deals/products/B0CVJ23L79.html	https://monnet542.github.io/snabba-deals/images/B0CVJ23L79.jpg	442.62 EUR	in stock		new	Amazon Renewed
B00992CF6W	Minecraft - Endlose Kreativität für nur 6,99€! Baue deine Traumwelt ✨🎮	Entdecke unbegrenzte Möglichkeiten mit Minecraft für nur 6,99 EUR! Mit 4,4/5 Sternen begeistert das Spiel Millionen weltweit. Jetzt deine eigene Welt erschaffen!	https://monnet542.github.io/snabba-deals/products/B00992CF6W.html	https://monnet542.github.io/snabba-deals/images/B00992CF6W.jpg	6.99 EUR	in stock		new	Apps & Spiele
B09DYWZ13S	Spielerisch Lesen lernen: Antolin Lesespiele macht Kindern das Lernen zum Vergnügen! 📚✨	Diese interaktive Lern-App verwandelt das Lesenlernen in ein spannendes Abenteuer für Erstklässler. Für nur 2,99 EUR erhältst du pädagogisch wertvolle Spiele mit 4,2-Sterne-Bewertung. Jetzt entdecken und deinem Kind den perfekten Lernbegleiter schenken!	https://monnet542.github.io/snabba-deals/products/B09DYWZ13S.html	https://monnet542.github.io/snabba-deals/images/B09DYWZ13S.jpg	2.99 EUR	in stock		new	Apps & Spiele
B0FT1PHNXH	Süßes Puppen Anzieh-Spiel für Mädchen - Kreativität & Spaß garantiert! 💕	Entdecke das zauberhafte Girl Doll Dress Up Game für nur 14,99 EUR! Mit 4,2/5 Sternen begeistert diese App kleine Fashionistas beim kreativen Stylen. Jetzt entdecken und die Fantasie zum Leben erwecken!	https://monnet542.github.io/snabba-deals/products/B0FT1PHNXH.html	https://monnet542.github.io/snabba-deals/images/B0FT1PHNXH.jpg	14.99 EUR	in stock		new	Apps & Spiele
